{
    "lighting": "none",
    "matrix": {
        "rows": 4,
        "cols": 14
    },
    "layouts": {
        "keymap":[
  [
    {
      "y": 0.85,
      "x": 6
    },
    "0,5",
    "0,6",
    "0,7",
    "0,8"
  ],
  [
    {
      "x": 6
    },
    "1,5",
    "1,6",
    "1,7",
    "1,8"
  ],
  [
    {
      "x": 6
    },
    "2,5",
    "2,6",
    "2,7",
    "2,8"
  ],
  [
    {
      "x": 6
    },
    "3,5",
    "3,6",
    "3,7",
    "3,8"
  ],
  [
    {
      "r": 7.5,
      "y": -4.85,
      "x": 2
    },
    "0,2"
  ],
  [
    {
      "y": -0.9,
      "x": 1
    },
    "0,1"
  ],
  [
    {
      "y": -1,
      "x": 3
    },
    "0,3"
  ],
  [
    {
      "y": -0.9000000000000001,
      "x": 4
    },
    "0,4"
  ],
  [
    {
      "y": -1,
      "x": 5.05
    },
    "0,0\n\n\n\n\n\n\n\n\ne"
  ],
  [
    {
      "y": -0.8999999999999999
    },
    "0,0"
  ],
  [
    {
      "y": -0.30000000000000004,
      "x": 2
    },
    "1,2"
  ],
  [
    {
      "y": -0.8999999999999999,
      "x": 1
    },
    "1,1",
    {
      "x": 1,
      "n": true
    },
    "1,3"
  ],
  [
    {
      "y": -0.9000000000000001,
      "x": 4
    },
    "1,4",
    {
      "x": 0.15000000000000036
    },
    "0,1\n\n\n\n\n\n\n\n\ne"
  ],
  [
    {
      "y": -0.9000000000000001
    },
    "1,0"
  ],
  [
    {
      "y": -0.2999999999999998,
      "x": 2
    },
    "2,2"
  ],
  [
    {
      "y": -0.8999999999999999,
      "x": 1
    },
    "2,1",
    {
      "x": 1
    },
    "2,3"
  ],
  [
    {
      "y": -0.8999999999999999,
      "x": 4
    },
    "2,4",
    {
      "x": 0.25
    },
    "3,4"
  ],
  [
    {
      "y": -0.9000000000000004
    },
    "2,0"
  ],
  [
    {
      "y": -0.19999999999999973,
      "x": 2.5
    },
    "3,1"
  ],
  [
    {
      "r": 22.5,
      "y": -2.05,
      "x": 4.45
    },
    "3,2"
  ],
  [
    {
      "r": 37.5,
      "y": -3.05,
      "x": 6.05,
      "h": 1.5
    },
    "3,3"
  ],
  [
    {
      "r": -37.5,
      "rx": 16,
      "x": -7.050000000000001,
      "h": 1.5
    },
    "3,10"
  ],
  [
    {
      "r": -22.5,
      "y": 1.0499999999999998,
      "x": -5.449999999999999
    },
    "3,11"
  ],
  [
    {
      "r": -7.5,
      "y": -3.05,
      "x": -3
    },
    "0,11"
  ],
  [
    {
      "y": -0.9,
      "x": -4
    },
    "0,10"
  ],
  [
    {
      "y": -1,
      "x": -2
    },
    "0,12"
  ],
  [
    {
      "y": -0.9000000000000001,
      "x": -5
    },
    "0,9"
  ],
  [
    {
      "y": -1,
      "x": -6.050000000000001
    },
    "1,0\n\n\n\n\n\n\n\n\ne"
  ],
  [
    {
      "y": -0.8999999999999999,
      "x": -1
    },
    "0,13"
  ],
  [
    {
      "y": -0.30000000000000004,
      "x": -3
    },
    "1,11"
  ],
  [
    {
      "y": -0.8999999999999999,
      "x": -4,
      "n": true
    },
    "1,10",
    {
      "x": 1
    },
    "1,12"
  ],
  [
    {
      "y": -0.9000000000000001,
      "x": -6.15
    },
    "1,1\n\n\n\n\n\n\n\n\ne",
    {
      "x": 0.15000000000000036
    },
    "1,9"
  ],
  [
    {
      "y": -0.9000000000000001,
      "x": -1
    },
    "1,13"
  ],
  [
    {
      "y": -0.2999999999999998,
      "x": -3
    },
    "2,11"
  ],
  [
    {
      "y": -0.8999999999999999,
      "x": -4
    },
    "2,10",
    {
      "x": 1
    },
    "2,12"
  ],
  [
    {
      "y": -0.8999999999999999,
      "x": -6.25
    },
    "3,9",
    {
      "x": 0.25
    },
    "2,9"
  ],
  [
    {
      "y": -0.9000000000000004,
      "x": -1
    },
    "2,13"
  ],
  [
    {
      "y": -0.19999999999999973,
      "x": -3.5
    },
    "3,12"
  ]
]
    }
}